time;relative_humidity;precipitation;cloud_cover;surface_pressure
2026-01-01 00:00;72;0.00;52;993.9
2026-01-01 01:00;76;0.00;99;994.2
2026-01-01 02:00;76;0.00;100;994.3
2026-01-01 03:00;76;0.00;99;994.3
2026-01-01 04:00;77;0.00;66;994.2
2026-01-01 05:00;77;0.00;98;994.2
2026-01-01 06:00;74;0.00;100;993.9
2026-01-01 07:00;72;0.00;100;993.7
2026-01-01 08:00;68;0.00;98;993.9
2026-01-01 09:00;64;0.00;99;993.5
2026-01-01 10:00;60;0.00;99;992.8
2026-01-01 11:00;55;0.00;99;992.1
2026-01-01 12:00;55;0.00;70;990.2
2026-01-01 13:00;61;0.00;79;989.0
2026-01-01 14:00;71;0.00;62;988.5
2026-01-01 15:00;76;0.00;100;987.8
2026-01-01 16:00;73;0.00;99;987.2
2026-01-01 17:00;69;0.00;100;986.7
2026-01-01 18:00;67;0.00;100;985.9
2026-01-01 19:00;72;0.00;98;985.7
2026-01-01 20:00;76;0.00;99;985.3
2026-01-01 21:00;80;0.00;99;985.3
2026-01-01 22:00;74;0.00;100;985.1
2026-01-01 23:00;55;0.00;98;984.5
2026-01-02 00:00;50;0.00;100;984.1
2026-01-02 01:00;59;0.00;100;984.0
2026-01-02 02:00;69;0.00;100;984.1
2026-01-02 03:00;72;0.00;99;983.6
2026-01-02 04:00;64;0.00;100;983.3
2026-01-02 05:00;57;0.00;100;982.9
2026-01-02 06:00;47;0.00;100;983.1
2026-01-02 07:00;55;0.00;100;983.2
2026-01-02 08:00;69;0.00;100;983.0
2026-01-02 09:00;71;0.00;98;982.7
2026-01-02 10:00;62;0.00;99;982.6
2026-01-02 11:00;60;0.00;97;982.2
2026-01-02 12:00;53;0.00;100;981.7
2026-01-02 13:00;58;0.00;95;981.4
2026-01-02 14:00;65;0.00;86;981.7
2026-01-02 15:00;70;0.00;23;982.0
2026-01-02 16:00;73;0.00;16;982.0
2026-01-02 17:00;73;0.00;27;981.6
2026-01-02 18:00;68;0.00;85;981.9
2026-01-02 19:00;72;0.00;82;981.7
2026-01-02 20:00;76;0.00;92;981.5
2026-01-02 21:00;72;0.00;16;981.5
2026-01-02 22:00;67;0.00;95;981.4
2026-01-02 23:00;67;0.00;100;981.4
2026-01-03 00:00;74;0.00;100;981.2
2026-01-03 01:00;78;0.00;27;981.6
2026-01-03 02:00;73;0.00;95;982.2
2026-01-03 03:00;78;0.00;77;982.7
2026-01-03 04:00;80;0.00;5;983.3
2026-01-03 05:00;79;0.00;2;983.5
2026-01-03 06:00;71;0.00;4;984.5
2026-01-03 07:00;65;0.00;1;985.5
2026-01-03 08:00;64;0.00;1;986.5
2026-01-03 09:00;65;0.00;0;987.3
2026-01-03 10:00;65;0.00;0;987.2
2026-01-03 11:00;63;0.00;0;987.4
2026-01-03 12:00;46;0.00;0;987.4
2026-01-03 13:00;50;0.00;0;987.4
2026-01-03 14:00;56;0.00;27;987.6
2026-01-03 15:00;71;0.10;37;987.6
2026-01-03 16:00;86;0.00;36;987.5
2026-01-03 17:00;92;0.00;40;987.3
2026-01-03 18:00;89;0.00;84;987.7
2026-01-03 19:00;92;0.00;81;988.0
2026-01-03 20:00;95;0.00;100;988.6
2026-01-03 21:00;96;0.00;100;988.9
2026-01-03 22:00;96;0.00;100;988.8
2026-01-03 23:00;94;0.00;100;988.8
2026-01-04 00:00;84;0.00;100;988.7
2026-01-04 01:00;61;0.00;100;989.1
2026-01-04 02:00;60;0.00;97;989.2
2026-01-04 03:00;64;0.00;100;989.9
2026-01-04 04:00;67;0.00;100;990.0
2026-01-04 05:00;68;0.00;100;990.2
2026-01-04 06:00;67;0.00;96;991.1
2026-01-04 07:00;71;0.00;71;991.5
2026-01-04 08:00;69;0.00;0;992.4
2026-01-04 09:00;60;0.00;0;993.3
2026-01-04 10:00;56;0.00;0;993.4
2026-01-04 11:00;56;0.00;0;993.6
2026-01-04 12:00;50;0.00;0;993.5
2026-01-04 13:00;50;0.00;0;993.3
2026-01-04 14:00;55;0.00;0;993.5
2026-01-04 15:00;61;0.00;0;993.8
2026-01-04 16:00;65;0.00;0;994.3
2026-01-04 17:00;67;0.00;0;994.7
2026-01-04 18:00;67;0.00;0;995.0
2026-01-04 19:00;70;0.00;0;995.3
2026-01-04 20:00;72;0.00;0;995.6
2026-01-04 21:00;71;0.00;0;995.9
2026-01-04 22:00;77;0.00;0;995.9
2026-01-04 23:00;82;0.00;0;995.9
2026-01-05 00:00;79;0.00;0;995.8
2026-01-05 01:00;80;0.00;0;995.6
2026-01-05 02:00;79;0.00;0;995.6
2026-01-05 03:00;80;0.00;0;995.6
2026-01-05 04:00;82;0.00;0;995.5
2026-01-05 05:00;83;0.00;2;995.4
2026-01-05 06:00;85;0.00;52;995.4
2026-01-05 07:00;85;0.00;100;995.5
2026-01-05 08:00;74;0.00;100;995.7
2026-01-05 09:00;66;0.00;100;995.9
2026-01-05 10:00;61;0.00;100;995.8
2026-01-05 11:00;58;0.00;100;995.5
2026-01-05 12:00;63;0.00;100;994.6
2026-01-05 13:00;64;0.10;100;994.2
2026-01-05 14:00;66;0.20;100;994.1
2026-01-05 15:00;70;0.20;100;994.1
2026-01-05 16:00;75;0.20;100;994.1
2026-01-05 17:00;81;0.40;100;993.8
2026-01-05 18:00;85;0.40;100;993.7
2026-01-05 19:00;87;0.30;100;993.7
2026-01-05 20:00;87;0.20;100;993.7
2026-01-05 21:00;86;0.10;100;993.8
2026-01-05 22:00;84;0.10;100;993.8
2026-01-05 23:00;82;0.00;100;993.8
2026-01-06 00:00;77;0.00;100;993.9
2026-01-06 01:00;71;0.10;98;993.9
2026-01-06 02:00;69;0.00;100;993.9
2026-01-06 03:00;67;0.00;62;994.0
2026-01-06 04:00;67;0.00;20;994.3
2026-01-06 05:00;66;0.00;53;994.4
2026-01-06 06:00;70;0.00;59;994.9
2026-01-06 07:00;75;0.00;71;995.0
2026-01-06 08:00;75;0.00;44;995.4
2026-01-06 09:00;73;0.00;48;995.7
2026-01-06 10:00;67;0.00;100;995.9
2026-01-06 11:00;62;0.00;100;995.7
2026-01-06 12:00;61;0.00;100;995.4
2026-01-06 13:00;63;0.00;100;994.9
2026-01-06 14:00;66;0.10;100;995.3
2026-01-06 15:00;70;0.20;100;995.2
2026-01-06 16:00;72;0.30;100;995.3
2026-01-06 17:00;74;0.10;100;995.7
2026-01-06 18:00;76;0.10;100;995.9
2026-01-06 19:00;73;0.10;100;995.7
2026-01-06 20:00;73;0.10;100;995.3
2026-01-06 21:00;72;0.00;100;995.3
2026-01-06 22:00;72;0.00;100;996.0
2026-01-06 23:00;73;0.10;100;995.8
2026-01-07 00:00;70;0.00;93;994.7
2026-01-07 01:00;69;0.00;100;995.3
2026-01-07 02:00;67;0.00;100;995.3
2026-01-07 03:00;68;0.00;100;995.3
2026-01-07 04:00;70;0.00;100;995.2
2026-01-07 05:00;71;0.00;49;995.6
2026-01-07 06:00;71;0.00;42;995.6
2026-01-07 07:00;71;0.00;0;996.2
2026-01-07 08:00;68;0.00;20;996.3
2026-01-07 09:00;63;0.00;100;996.4
2026-01-07 10:00;58;0.00;98;996.2
2026-01-07 11:00;54;0.00;100;995.6
2026-01-07 12:00;57;0.00;98;994.7
2026-01-07 13:00;57;0.00;100;994.2
2026-01-07 14:00;59;0.00;93;993.7
2026-01-07 15:00;62;0.00;100;993.8
2026-01-07 16:00;64;0.00;100;993.8
2026-01-07 17:00;65;0.00;100;993.6
2026-01-07 18:00;65;0.00;13;993.3
2026-01-07 19:00;67;0.00;19;992.9
2026-01-07 20:00;68;0.00;90;992.8
2026-01-07 21:00;67;0.00;89;992.5
2026-01-07 22:00;65;0.00;100;992.2
2026-01-07 23:00;64;0.00;100;992.1
2026-01-08 00:00;63;0.00;12;991.4
2026-01-08 01:00;68;0.00;7;991.0
2026-01-08 02:00;70;0.00;4;991.2
2026-01-08 03:00;70;0.00;9;991.3
2026-01-08 04:00;70;0.00;5;991.4
2026-01-08 05:00;70;0.00;1;991.5
2026-01-08 06:00;70;0.00;0;991.6
2026-01-08 07:00;70;0.00;0;991.8
2026-01-08 08:00;67;0.00;0;992.1
2026-01-08 09:00;60;0.00;0;992.3
2026-01-08 10:00;54;0.00;0;992.2
2026-01-08 11:00;49;0.00;0;991.6
2026-01-08 12:00;48;0.00;0;991.3
2026-01-08 13:00;48;0.00;13;991.0
2026-01-08 14:00;49;0.00;18;991.2
2026-01-08 15:00;55;0.00;98;991.5
2026-01-08 16:00;56;0.00;100;991.7
2026-01-08 17:00;57;0.00;100;991.9
2026-01-08 18:00;58;0.00;100;992.1
2026-01-08 19:00;59;0.00;100;992.1
2026-01-08 20:00;61;0.00;100;992.0
2026-01-08 21:00;62;0.00;100;991.9
2026-01-08 22:00;64;0.00;8;991.6
2026-01-08 23:00;73;0.00;0;991.0
2026-01-09 00:00;76;0.00;5;990.4
2026-01-09 01:00;79;0.00;27;990.4
2026-01-09 02:00;80;0.00;44;990.3
2026-01-09 03:00;84;0.00;67;989.1
2026-01-09 04:00;82;0.00;100;987.9
2026-01-09 05:00;76;0.00;100;987.5
2026-01-09 06:00;79;0.10;100;987.5
2026-01-09 07:00;79;0.00;100;986.9
2026-01-09 08:00;77;0.10;100;985.9
2026-01-09 09:00;81;0.30;100;986.1
2026-01-09 10:00;83;0.70;100;984.8
2026-01-09 11:00;86;0.90;100;983.6
2026-01-09 12:00;87;0.40;100;983.6
2026-01-09 13:00;88;0.30;100;983.1
2026-01-09 14:00;88;0.00;100;982.4
2026-01-09 15:00;90;0.00;100;982.5
2026-01-09 16:00;91;0.00;100;982.2
2026-01-09 17:00;91;0.00;100;981.8
2026-01-09 18:00;91;0.00;100;982.3
2026-01-09 19:00;91;0.00;100;982.5
2026-01-09 20:00;92;0.00;100;982.4
2026-01-09 21:00;91;0.00;100;982.5
2026-01-09 22:00;90;0.00;100;982.6
2026-01-09 23:00;90;0.00;100;982.2
2026-01-10 00:00;91;0.00;100;982.1
2026-01-10 01:00;89;0.00;100;982.1
2026-01-10 02:00;91;0.10;100;982.3
2026-01-10 03:00;92;0.00;100;982.2
2026-01-10 04:00;92;0.00;100;982.5
2026-01-10 05:00;92;0.00;100;982.3
2026-01-10 06:00;91;0.00;100;982.5
2026-01-10 07:00;90;0.00;100;982.8
2026-01-10 08:00;89;0.00;98;983.0
2026-01-10 09:00;88;0.00;91;983.0
2026-01-10 10:00;83;0.00;91;983.3
2026-01-10 11:00;80;0.00;97;983.4
2026-01-10 12:00;87;0.00;100;983.5
2026-01-10 13:00;86;0.00;100;983.4
2026-01-10 14:00;82;0.00;100;983.9
2026-01-10 15:00;79;0.00;99;984.9
2026-01-10 16:00;75;0.00;99;986.4
2026-01-10 17:00;73;0.00;100;987.5
2026-01-10 18:00;68;0.00;89;988.4
2026-01-10 19:00;64;0.00;98;989.9
2026-01-10 20:00;64;0.00;94;991.3
2026-01-10 21:00;67;0.00;85;992.5
2026-01-10 22:00;69;0.00;21;993.5
2026-01-10 23:00;72;0.00;2;993.8
2026-01-11 00:00;71;0.00;85;994.5
2026-01-11 01:00;67;0.00;91;995.1
2026-01-11 02:00;65;0.00;100;995.4
2026-01-11 03:00;70;0.00;77;995.8
2026-01-11 04:00;73;0.00;38;996.1
2026-01-11 05:00;76;0.00;94;997.0
2026-01-11 06:00;75;0.00;100;997.5
2026-01-11 07:00;72;0.00;100;997.8
2026-01-11 08:00;70;0.00;100;998.4
2026-01-11 09:00;63;0.00;100;999.1
2026-01-11 10:00;60;0.00;100;999.5
2026-01-11 11:00;56;0.00;95;999.3
2026-01-11 12:00;54;0.00;100;999.2
2026-01-11 13:00;50;0.00;99;999.4
2026-01-11 14:00;47;0.00;99;999.7
2026-01-11 15:00;46;0.00;91;1000.0
2026-01-11 16:00;45;0.00;72;1000.5
2026-01-11 17:00;46;0.00;88;1001.3
2026-01-11 18:00;41;0.00;66;1001.2
2026-01-11 19:00;42;0.00;45;1001.6
2026-01-11 20:00;45;0.00;38;1001.9
2026-01-11 21:00;49;0.00;10;1002.2
2026-01-11 22:00;51;0.00;0;1002.3
2026-01-11 23:00;53;0.00;0;1002.3
2026-01-12 00:00;53;0.00;2;1002.4
2026-01-12 01:00;59;0.00;0;1002.8
2026-01-12 02:00;57;0.00;0;1002.9
2026-01-12 03:00;60;0.00;0;1002.8
2026-01-12 04:00;63;0.00;0;1002.4
2026-01-12 05:00;67;0.00;0;1002.3
2026-01-12 06:00;68;0.00;9;1002.4
2026-01-12 07:00;71;0.00;1;1002.0
2026-01-12 08:00;69;0.00;48;1002.6
2026-01-12 09:00;63;0.00;100;1002.6
2026-01-12 10:00;59;0.00;100;1002.2
2026-01-12 11:00;61;0.00;100;1001.8
2026-01-12 12:00;56;0.00;100;1001.5
2026-01-12 13:00;68;0.00;100;1000.8
2026-01-12 14:00;63;0.00;100;1000.5
2026-01-12 15:00;69;0.00;100;1000.0
2026-01-12 16:00;70;0.00;100;1000.0
2026-01-12 17:00;71;0.00;100;999.9
2026-01-12 18:00;69;0.10;100;999.7
2026-01-12 19:00;77;0.20;100;999.6
2026-01-12 20:00;79;0.30;100;999.7
2026-01-12 21:00;83;0.20;100;999.3
2026-01-12 22:00;86;0.20;100;999.1
2026-01-12 23:00;86;0.00;100;998.7
2026-01-13 00:00;89;0.00;100;998.7
2026-01-13 01:00;90;0.10;100;998.5
2026-01-13 02:00;90;0.40;100;998.4
2026-01-13 03:00;90;0.80;100;997.8
2026-01-13 04:00;92;0.60;100;997.1
2026-01-13 05:00;92;0.30;100;996.9
2026-01-13 06:00;93;0.50;100;996.3
2026-01-13 07:00;94;0.90;100;996.9
2026-01-13 08:00;93;0.80;100;997.0
2026-01-13 09:00;95;0.00;100;997.7
2026-01-13 10:00;96;0.00;100;998.1
2026-01-13 11:00;95;0.10;100;998.2
2026-01-13 12:00;95;0.00;100;998.4
2026-01-13 13:00;95;0.00;99;998.6
2026-01-13 14:00;95;0.00;50;998.9
2026-01-13 15:00;96;0.00;42;999.1
2026-01-13 16:00;96;0.00;28;999.4
2026-01-13 17:00;95;0.00;24;999.5
2026-01-13 18:00;96;0.00;92;1000.2
2026-01-13 19:00;96;0.00;98;1000.7
2026-01-13 20:00;95;0.00;100;1001.3
2026-01-13 21:00;95;0.00;100;1001.7
2026-01-13 22:00;94;0.00;100;1001.6
2026-01-13 23:00;93;0.00;100;1001.2
2026-01-14 00:00;94;0.00;100;1001.0
2026-01-14 01:00;93;0.00;100;1001.0
2026-01-14 02:00;94;0.00;100;1000.9
2026-01-14 03:00;94;0.00;100;1000.6
2026-01-14 04:00;94;0.00;100;1000.7
2026-01-14 05:00;93;0.00;100;1000.5
2026-01-14 06:00;94;0.00;100;1000.7
2026-01-14 07:00;94;0.00;100;1001.2
2026-01-14 08:00;93;0.00;100;1001.4
2026-01-14 09:00;92;0.00;100;1001.7
2026-01-14 10:00;91;0.00;100;1001.7
2026-01-14 11:00;90;0.00;100;1001.4
2026-01-14 12:00;89;0.00;100;1001.1
2026-01-14 13:00;90;0.00;100;1001.1
2026-01-14 14:00;90;0.00;100;1001.2
2026-01-14 15:00;91;0.00;100;1001.1
2026-01-14 16:00;94;0.00;100;1001.2
2026-01-14 17:00;95;0.00;100;1001.2
2026-01-14 18:00;96;0.00;100;1001.4
2026-01-14 19:00;96;0.00;100;1001.3
2026-01-14 20:00;98;0.00;100;1001.3
2026-01-14 21:00;99;0.00;100;1001.5
2026-01-14 22:00;99;0.00;100;1001.6
2026-01-14 23:00;98;0.00;100;1001.6
2026-01-15 00:00;99;0.00;100;1001.6
2026-01-15 01:00;98;0.00;100;1001.6
2026-01-15 02:00;98;0.00;100;1001.5
2026-01-15 03:00;98;0.00;100;1001.3
2026-01-15 04:00;99;0.00;100;1001.2
2026-01-15 05:00;99;0.00;100;1001.2
2026-01-15 06:00;99;0.00;100;1001.5
2026-01-15 07:00;99;0.00;100;1001.7
2026-01-15 08:00;99;0.00;100;1001.8
2026-01-15 09:00;96;0.00;100;1002.0
2026-01-15 10:00;95;0.00;100;1002.2
2026-01-15 11:00;95;0.00;100;1002.3
2026-01-15 12:00;94;0.00;100;1002.1
2026-01-15 13:00;93;0.00;100;1001.7
2026-01-15 14:00;93;0.00;100;1001.5
2026-01-15 15:00;96;0.00;100;1001.5
2026-01-15 16:00;99;0.00;100;1001.9
2026-01-15 17:00;100;0.20;100;1002.3
2026-01-15 18:00;99;0.30;100;1002.2
2026-01-15 19:00;99;0.00;100;1002.6
2026-01-15 20:00;99;0.00;100;1002.6
2026-01-15 21:00;99;0.00;100;1002.8
2026-01-15 22:00;99;0.00;100;1002.6
2026-01-15 23:00;100;0.00;100;1002.5
2026-01-16 00:00;100;0.00;100;1002.8
2026-01-16 01:00;99;0.00;100;1002.9
2026-01-16 02:00;99;0.00;100;1002.6
2026-01-16 03:00;99;0.00;100;1002.9
2026-01-16 04:00;99;0.00;100;1002.7
2026-01-16 05:00;99;0.00;100;1002.6
2026-01-16 06:00;99;0.00;100;1002.8
2026-01-16 07:00;99;0.00;100;1003.2
2026-01-16 08:00;97;0.00;100;1003.5
2026-01-16 09:00;96;0.00;100;1004.1
2026-01-16 10:00;95;0.00;100;1004.7
2026-01-16 11:00;94;0.00;100;1004.6
2026-01-16 12:00;94;0.00;100;1004.5
2026-01-16 13:00;94;0.00;100;1004.3
2026-01-16 14:00;95;0.00;100;1004.5
2026-01-16 15:00;96;0.00;100;1004.8
2026-01-16 16:00;98;0.00;100;1005.0
2026-01-16 17:00;98;0.00;100;1005.0
2026-01-16 18:00;99;0.00;100;1005.6
2026-01-16 19:00;99;0.00;100;1005.8
2026-01-16 20:00;99;0.00;100;1006.0
2026-01-16 21:00;100;0.00;100;1006.2
2026-01-16 22:00;100;0.10;100;1006.3
2026-01-16 23:00;99;0.10;100;1006.2
2026-01-17 00:00;100;0.10;100;1006.5
2026-01-17 01:00;100;0.00;100;1006.5
2026-01-17 02:00;100;0.10;100;1006.6
2026-01-17 03:00;99;0.10;100;1006.6
2026-01-17 04:00;99;0.00;100;1007.0
2026-01-17 05:00;99;0.00;100;1007.2
2026-01-17 06:00;98;0.00;100;1007.4
2026-01-17 07:00;98;0.00;100;1007.8
2026-01-17 08:00;96;0.00;100;1008.3
2026-01-17 09:00;93;0.00;88;1008.9
2026-01-17 10:00;88;0.00;82;1009.3
2026-01-17 11:00;84;0.00;73;1009.1
2026-01-17 12:00;81;0.00;73;1009.1
2026-01-17 13:00;81;0.00;63;1009.1
2026-01-17 14:00;82;0.00;67;1009.4
2026-01-17 15:00;84;0.00;50;1009.7
2026-01-17 16:00;85;0.00;47;1010.1
2026-01-17 17:00;85;0.00;26;1010.3
2026-01-17 18:00;87;0.00;63;1010.9
2026-01-17 19:00;90;0.00;50;1011.3
2026-01-17 20:00;93;0.00;91;1011.6
2026-01-17 21:00;96;0.00;99;1011.8
2026-01-17 22:00;98;0.00;100;1011.8
2026-01-17 23:00;99;0.00;100;1012.0
2026-01-18 00:00;98;0.00;98;1012.2
2026-01-18 01:00;98;0.00;83;1012.1
2026-01-18 02:00;95;0.00;55;1012.2
2026-01-18 03:00;92;0.00;30;1012.2
2026-01-18 04:00;89;0.00;66;1012.2
2026-01-18 05:00;88;0.00;100;1012.3
2026-01-18 06:00;85;0.00;100;1012.5
2026-01-18 07:00;83;0.00;100;1013.0
2026-01-18 08:00;79;0.00;100;1013.4
2026-01-18 09:00;80;0.00;97;1013.9
2026-01-18 10:00;76;0.00;63;1013.9
2026-01-18 11:00;75;0.00;78;1013.5
2026-01-18 12:00;74;0.00;93;1013.2
2026-01-18 13:00;73;0.00;94;1013.0
2026-01-18 14:00;75;0.00;59;1013.0
2026-01-18 15:00;81;0.00;6;1013.1
2026-01-18 16:00;90;0.00;0;1013.1
2026-01-18 17:00;90;0.00;0;1013.2
2026-01-18 18:00;90;0.00;0;1013.5
2026-01-18 19:00;90;0.00;0;1013.7
2026-01-18 20:00;91;0.00;1;1014.1
2026-01-18 21:00;92;0.00;10;1014.5
2026-01-18 22:00;94;0.00;37;1014.7
2026-01-18 23:00;95;0.00;78;1014.7
2026-01-19 00:00;95;0.00;84;1014.7
2026-01-19 01:00;95;0.00;84;1014.9
2026-01-19 02:00;93;0.00;58;1014.9
2026-01-19 03:00;92;0.00;66;1015.0
2026-01-19 04:00;92;0.00;96;1015.0
2026-01-19 05:00;92;0.00;100;1015.1
2026-01-19 06:00;93;0.00;100;1015.5
2026-01-19 07:00;93;0.00;100;1016.0
2026-01-19 08:00;92;0.00;100;1016.2
2026-01-19 09:00;90;0.00;100;1016.5
2026-01-19 10:00;86;0.00;100;1016.4
2026-01-19 11:00;82;0.00;100;1015.9
2026-01-19 12:00;79;0.00;99;1015.9
2026-01-19 13:00;73;0.00;45;1015.5
2026-01-19 14:00;76;0.00;30;1015.4
2026-01-19 15:00;83;0.00;7;1015.3
2026-01-19 16:00;90;0.00;22;1015.2
2026-01-19 17:00;92;0.00;62;1015.0
2026-01-19 18:00;91;0.00;100;1015.4
2026-01-19 19:00;91;0.00;100;1015.6
2026-01-19 20:00;90;0.00;100;1015.6
2026-01-19 21:00;89;0.00;99;1015.5
2026-01-19 22:00;89;0.00;95;1015.4
2026-01-19 23:00;88;0.00;88;1015.0
2026-01-20 00:00;92;0.00;64;1015.0
2026-01-20 01:00;92;0.00;85;1014.9
2026-01-20 02:00;93;0.00;95;1014.5
2026-01-20 03:00;91;0.00;93;1014.1
2026-01-20 04:00;91;0.00;100;1013.7
2026-01-20 05:00;91;0.00;100;1013.1
2026-01-20 06:00;91;0.00;100;1013.2
2026-01-20 07:00;90;0.00;100;1013.1
2026-01-20 08:00;88;0.00;100;1013.0
2026-01-20 09:00;85;0.00;100;1012.8
2026-01-20 10:00;81;0.00;100;1012.3
2026-01-20 11:00;78;0.00;100;1011.6
2026-01-20 12:00;81;0.00;100;1010.8
2026-01-20 13:00;78;0.00;100;1010.2
2026-01-20 14:00;77;0.00;100;1009.5
2026-01-20 15:00;78;0.00;99;1009.0
2026-01-20 16:00;82;0.00;98;1008.5
2026-01-20 17:00;83;0.00;93;1008.1
2026-01-20 18:00;85;0.00;100;1007.9
2026-01-20 19:00;84;0.00;100;1007.7
2026-01-20 20:00;85;0.00;100;1007.3
2026-01-20 21:00;85;0.00;100;1006.8
2026-01-20 22:00;88;0.00;100;1006.2
2026-01-20 23:00;88;0.00;100;1005.3
2026-01-21 00:00;89;0.00;100;1004.9
2026-01-21 01:00;87;0.00;100;1004.4
2026-01-21 02:00;88;0.00;100;1003.5
2026-01-21 03:00;87;0.00;100;1002.6
2026-01-21 04:00;87;0.00;100;1002.1
2026-01-21 05:00;89;0.00;100;1001.1
2026-01-21 06:00;92;0.00;100;1000.8
2026-01-21 07:00;90;0.00;100;1000.5
2026-01-21 08:00;87;0.00;100;1000.0
2026-01-21 09:00;83;0.00;100;999.4
2026-01-21 10:00;76;0.00;79;998.5
2026-01-21 11:00;68;0.00;18;997.1
2026-01-21 12:00;81;0.00;100;996.3
2026-01-21 13:00;76;0.00;83;995.1
2026-01-21 14:00;76;0.00;85;994.4
2026-01-21 15:00;78;0.00;98;993.5
2026-01-21 16:00;85;0.00;100;992.7
2026-01-21 17:00;86;0.00;100;992.0
2026-01-21 18:00;90;0.00;99;991.7
2026-01-21 19:00;90;0.00;100;991.0
2026-01-21 20:00;89;0.00;100;990.5
2026-01-21 21:00;89;0.00;100;989.9
2026-01-21 22:00;90;0.00;100;989.0
2026-01-21 23:00;89;0.00;98;988.4
2026-01-22 00:00;88;0.00;100;987.9
2026-01-22 01:00;87;0.00;98;987.2
2026-01-22 02:00;88;0.00;77;986.5
2026-01-22 03:00;90;0.00;79;985.7
2026-01-22 04:00;89;0.00;74;985.3
2026-01-22 05:00;89;0.00;62;985.0
2026-01-22 06:00;90;0.00;66;985.0
2026-01-22 07:00;89;0.00;53;985.0
2026-01-22 08:00;84;0.00;82;985.1
2026-01-22 09:00;79;0.00;84;984.9
2026-01-22 10:00;73;0.00;92;984.6
2026-01-22 11:00;69;0.00;60;984.3
2026-01-22 12:00;74;0.00;100;984.3
2026-01-22 13:00;74;0.00;100;984.2
2026-01-22 14:00;75;0.00;99;984.1
2026-01-22 15:00;79;0.00;91;984.2
2026-01-22 16:00;85;0.00;85;984.3
2026-01-22 17:00;91;0.00;90;984.3
2026-01-22 18:00;93;0.00;90;984.5
2026-01-22 19:00;95;0.00;32;984.5
2026-01-22 20:00;96;0.00;29;984.5
2026-01-22 21:00;97;0.00;41;984.6
2026-01-22 22:00;96;0.00;100;984.6
2026-01-22 23:00;96;0.00;100;984.5
2026-01-23 00:00;93;0.00;96;984.4
2026-01-23 01:00;91;0.00;100;984.6
2026-01-23 02:00;89;0.00;100;984.8
2026-01-23 03:00;89;0.00;100;984.7
2026-01-23 04:00;89;0.00;100;984.5
2026-01-23 05:00;88;0.00;100;984.3
2026-01-23 06:00;89;0.00;100;984.7
2026-01-23 07:00;88;0.00;100;985.1
2026-01-23 08:00;88;0.00;100;985.2
2026-01-23 09:00;86;0.00;100;985.3
2026-01-23 10:00;83;0.00;100;985.2
2026-01-23 11:00;82;0.00;100;984.9
2026-01-23 12:00;87;0.00;100;984.7
2026-01-23 13:00;86;0.00;100;984.4
2026-01-23 14:00;87;0.00;100;984.1
2026-01-23 15:00;89;0.00;100;984.1
2026-01-23 16:00;92;0.00;100;984.3
2026-01-23 17:00;94;0.00;100;984.5
2026-01-23 18:00;96;0.10;100;984.2
2026-01-23 19:00;97;0.00;100;984.4
2026-01-23 20:00;96;0.00;100;984.6
2026-01-23 21:00;95;0.00;100;984.8
2026-01-23 22:00;96;0.00;100;984.8
2026-01-23 23:00;99;0.00;100;984.6
2026-01-24 00:00;100;0.00;100;984.6
2026-01-24 01:00;100;0.00;100;984.7
2026-01-24 02:00;100;0.00;100;984.6
2026-01-24 03:00;100;0.00;100;984.5
2026-01-24 04:00;100;0.00;100;984.4
2026-01-24 05:00;99;0.00;100;984.3
2026-01-24 06:00;100;0.00;100;984.5
2026-01-24 07:00;100;0.00;100;984.9
2026-01-24 08:00;97;0.00;100;985.5
2026-01-24 09:00;95;0.00;100;986.0
2026-01-24 10:00;93;0.00;100;986.4
2026-01-24 11:00;91;0.00;100;986.7
2026-01-24 12:00;88;0.00;100;986.7
2026-01-24 13:00;89;0.00;100;986.6
2026-01-24 14:00;87;0.00;100;986.8
2026-01-24 15:00;88;0.00;100;986.9
2026-01-24 16:00;92;0.00;100;987.2
2026-01-24 17:00;93;0.00;100;987.1
2026-01-24 18:00;96;0.10;100;987.3
2026-01-24 19:00;94;0.10;100;987.5
2026-01-24 20:00;94;0.10;100;987.4
2026-01-24 21:00;95;0.10;100;987.3
2026-01-24 22:00;99;0.00;100;986.9
2026-01-24 23:00;100;0.00;100;987.0
2026-01-25 00:00;99;0.00;100;986.8
2026-01-25 01:00;99;0.00;100;986.8
2026-01-25 02:00;99;0.00;100;986.6
2026-01-25 03:00;100;0.00;100;985.9
2026-01-25 04:00;99;0.00;100;986.0
2026-01-25 05:00;100;0.00;100;985.7
2026-01-25 06:00;100;0.00;100;985.3
2026-01-25 07:00;100;0.00;100;985.7
2026-01-25 08:00;100;0.00;100;985.6
2026-01-25 09:00;99;0.00;100;985.7
2026-01-25 10:00;98;0.20;100;985.1
2026-01-25 11:00;97;0.10;100;984.9
2026-01-25 12:00;99;0.00;100;983.9
2026-01-25 13:00;99;0.20;100;983.0
2026-01-25 14:00;98;0.20;100;981.9
2026-01-25 15:00;98;0.10;100;981.4
2026-01-25 16:00;98;0.00;100;981.1
2026-01-25 17:00;98;0.10;100;980.4
2026-01-25 18:00;98;0.30;100;980.4
2026-01-25 19:00;98;1.20;100;979.2
2026-01-25 20:00;98;0.30;100;978.2
2026-01-25 21:00;97;0.10;100;978.1
2026-01-25 22:00;98;0.00;100;977.9
2026-01-25 23:00;98;0.00;100;977.8
2026-01-26 00:00;99;0.00;100;977.3
2026-01-26 01:00;99;0.00;100;978.1
2026-01-26 02:00;100;0.00;100;978.2
2026-01-26 03:00;100;0.00;100;978.3
2026-01-26 04:00;100;0.00;100;978.8
2026-01-26 05:00;100;0.00;100;978.9
2026-01-26 06:00;100;0.00;100;979.8
2026-01-26 07:00;100;0.00;100;980.1
2026-01-26 08:00;100;0.00;100;980.9
2026-01-26 09:00;96;0.00;100;981.7
2026-01-26 10:00;91;0.00;100;982.1
2026-01-26 11:00;87;0.00;100;982.0
2026-01-26 12:00;94;0.00;100;982.3
2026-01-26 13:00;92;0.00;100;982.2
2026-01-26 14:00;91;0.00;100;982.7
2026-01-26 15:00;97;0.00;70;983.3
2026-01-26 16:00;100;0.00;2;983.2
2026-01-26 17:00;100;0.00;100;983.5
2026-01-26 18:00;100;0.00;100;984.5
2026-01-26 19:00;100;0.00;100;984.6
2026-01-26 20:00;100;0.00;100;985.1
2026-01-26 21:00;100;0.00;100;985.3
2026-01-26 22:00;99;0.00;94;985.2
2026-01-26 23:00;96;0.00;15;985.1
2026-01-27 00:00;91;0.00;8;985.4
2026-01-27 01:00;92;0.00;22;985.5
2026-01-27 02:00;92;0.00;13;985.4
2026-01-27 03:00;93;0.00;7;985.4
2026-01-27 04:00;95;0.00;1;985.4
2026-01-27 05:00;95;0.00;6;985.3
2026-01-27 06:00;93;0.00;2;985.0
2026-01-27 07:00;95;0.00;5;985.7
2026-01-27 08:00;97;0.00;61;986.2
2026-01-27 09:00;96;0.00;100;986.2
2026-01-27 10:00;91;0.00;100;986.1
2026-01-27 11:00;83;0.00;84;985.4
2026-01-27 12:00;80;0.00;24;984.7
2026-01-27 13:00;76;0.00;35;984.0
2026-01-27 14:00;81;0.00;95;983.6
2026-01-27 15:00;90;0.00;40;983.1
2026-01-27 16:00;94;0.00;100;982.9
2026-01-27 17:00;95;0.00;59;982.4
2026-01-27 18:00;99;0.00;100;982.1
2026-01-27 19:00;100;0.00;100;981.7
2026-01-27 20:00;100;0.00;100;981.3
2026-01-27 21:00;100;0.00;100;980.9
2026-01-27 22:00;100;0.00;100;980.4
2026-01-27 23:00;100;0.00;100;979.7
2026-01-28 00:00;99;0.00;100;979.5
2026-01-28 01:00;99;0.00;100;979.2
2026-01-28 02:00;99;0.00;100;978.8
2026-01-28 03:00;99;0.00;100;978.5
2026-01-28 04:00;99;0.00;100;978.2
2026-01-28 05:00;99;0.00;100;977.7
2026-01-28 06:00;99;0.00;100;977.7
2026-01-28 07:00;99;0.00;100;977.7
2026-01-28 08:00;96;0.00;100;977.8
2026-01-28 09:00;95;0.00;100;977.7
2026-01-28 10:00;94;0.00;100;977.3
2026-01-28 11:00;89;0.00;100;976.7
2026-01-28 12:00;90;0.00;100;975.8
2026-01-28 13:00;86;0.00;100;975.3
2026-01-28 14:00;84;0.00;100;975.1
2026-01-28 15:00;88;0.00;100;974.8
2026-01-28 16:00;91;0.00;100;974.7
2026-01-28 17:00;92;0.10;100;975.0
2026-01-28 18:00;95;0.10;100;975.1
2026-01-28 19:00;96;0.00;100;975.0
2026-01-28 20:00;97;0.00;100;975.1
2026-01-28 21:00;97;0.00;100;975.2
2026-01-28 22:00;97;0.00;100;975.3
2026-01-28 23:00;97;0.20;100;975.0
2026-01-29 00:00;98;0.00;100;975.3
2026-01-29 01:00;98;0.20;100;975.5
2026-01-29 02:00;97;0.10;100;975.5
2026-01-29 03:00;97;0.10;100;975.4
2026-01-29 04:00;97;0.70;100;975.6
2026-01-29 05:00;97;1.10;100;975.7
2026-01-29 06:00;97;0.60;100;976.0
2026-01-29 07:00;98;0.80;100;976.6
2026-01-29 08:00;98;1.00;100;977.1
2026-01-29 09:00;97;1.10;100;977.8
2026-01-29 10:00;97;1.40;100;978.4
2026-01-29 11:00;98;1.30;100;978.5
2026-01-29 12:00;96;0.80;100;978.8
2026-01-29 13:00;98;0.40;100;978.8
2026-01-29 14:00;98;0.40;100;979.1
2026-01-29 15:00;98;0.30;100;979.5
2026-01-29 16:00;98;0.30;100;980.0
2026-01-29 17:00;99;0.30;100;980.5
2026-01-29 18:00;99;0.30;100;980.6
2026-01-29 19:00;99;0.20;100;980.7
2026-01-29 20:00;98;0.20;100;981.2
2026-01-29 21:00;98;0.20;100;981.4
2026-01-29 22:00;98;0.20;100;981.5
2026-01-29 23:00;97;0.10;100;981.7
2026-01-30 00:00;98;0.00;100;981.9
2026-01-30 01:00;97;0.00;100;981.9
2026-01-30 02:00;97;0.00;100;981.8
2026-01-30 03:00;97;0.00;100;981.7
2026-01-30 04:00;96;0.10;100;981.8
2026-01-30 05:00;96;0.10;100;981.8
2026-01-30 06:00;96;0.00;100;982.1
2026-01-30 07:00;96;0.00;99;982.7
2026-01-30 08:00;92;0.00;100;982.8
2026-01-30 09:00;88;0.00;100;983.1
2026-01-30 10:00;85;0.00;100;983.1
2026-01-30 11:00;80;0.00;100;982.8
2026-01-30 12:00;80;0.00;100;983.1
2026-01-30 13:00;79;0.00;100;983.0
2026-01-30 14:00;78;0.00;100;983.3
2026-01-30 15:00;81;0.00;100;983.4
2026-01-30 16:00;86;0.00;100;983.9
2026-01-30 17:00;89;0.00;100;984.0
2026-01-30 18:00;92;0.00;100;984.1
2026-01-30 19:00;93;0.00;100;984.2
2026-01-30 20:00;95;0.00;100;984.4
2026-01-30 21:00;96;0.00;100;984.7
2026-01-30 22:00;97;0.00;100;984.7
2026-01-30 23:00;97;0.00;100;984.7
2026-01-31 00:00;97;0.00;100;985.1
2026-01-31 01:00;97;0.00;100;985.2
2026-01-31 02:00;97;0.00;100;985.0
2026-01-31 03:00;97;0.00;100;984.9
2026-01-31 04:00;97;0.00;100;985.1
2026-01-31 05:00;97;0.00;100;985.3
2026-01-31 06:00;97;0.00;100;985.7
2026-01-31 07:00;96;0.00;100;986.1
2026-01-31 08:00;95;0.00;100;986.4
2026-01-31 09:00;91;0.00;100;986.8
2026-01-31 10:00;88;0.00;100;987.4
2026-01-31 11:00;86;0.00;100;987.5
2026-01-31 12:00;87;0.00;100;987.5
2026-01-31 13:00;86;0.00;100;987.5
2026-01-31 14:00;87;0.00;100;987.7
2026-01-31 15:00;89;0.00;100;988.2
2026-01-31 16:00;92;0.00;100;988.8
2026-01-31 17:00;95;0.00;100;989.2
2026-01-31 18:00;98;0.00;100;989.6
2026-01-31 19:00;98;0.00;100;989.9
2026-01-31 20:00;97;0.00;100;990.2
2026-01-31 21:00;95;0.00;100;990.6
2026-01-31 22:00;94;0.00;100;991.0
2026-01-31 23:00;92;0.00;100;991.2
